{"theta": [5.03889472606643, 18.336624287016488], "sigma_f": 0.3525197702573627, "sigma_n": 0.0518104244421697, "beta": 0.43893789566699554}